{
  "project_info": {
    "project_number": "664732628617",
    "firebase_url": "https://uberapp-3b978.firebaseio.com",
    "project_id": "uberapp-3b978",
    "storage_bucket": "uberapp-3b978.appspot.com"
  },
  "client": [
    {
      "client_info": {
        "mobilesdk_app_id": "1:664732628617:android:77bf219a4d34641cceb858",
        "android_client_info": {
          "package_name": "com.yggdrasil.uber"
        }
      },
      "oauth_client": [
        {
          "client_id": "664732628617-nte5sfnj2608a1e9tg887v68405vr0h7.apps.googleusercontent.com",
          "client_type": 1,
          "android_info": {
            "package_name": "com.yggdrasil.uber",
            "certificate_hash": "ff356739e9e9a29cd8b313c53ff81bffc5d85f80"
          }
        },
        {
          "client_id": "664732628617-uapollk592iq2ekfv73e0vdlivbr5pk3.apps.googleusercontent.com",
          "client_type": 3
        }
      ],
      "api_key": [
        {
          "current_key": "AIzaSyDlMyfREQ7cQ6rAxHbzglL5rFUPRGVrNXk"
        }
      ],
      "services": {
        "appinvite_service": {
          "other_platform_oauth_client": [
            {
              "client_id": "664732628617-uapollk592iq2ekfv73e0vdlivbr5pk3.apps.googleusercontent.com",
              "client_type": 3
            }
          ]
        }
      }
    }
  ],
  "configuration_version": "1"
}